Propertyname,Address,PropertyType,Price,PSF,Floorsize,Floorlevel,Furnishing,Bedrooms,Bathrooms
n/a,n/a,n/a,n/a,n/a,n/a,n/a,n/a,n/a,n/a
n/a,n/a,n/a,n/a,n/a,n/a,n/a,n/a,n/a,n/a
Special Freehold Unit【Palace View】22ft Huge Living Room & Furnished Kitchen,"Jalan Kiara, Mont Kiara, Kuala Lumpur",Condominium For Sale,"1,100,000",RM 791.37 psf,1390 sqft,High Floor,Partially Furnished,3,3
"3Rooms 2Bath【 Freehold & Furnished 】IN PJ Damansara, Ready to move in","Country Heights Damansara, Kuala Lumpur",Condominium For Sale,"639,000",RM 639.00 psf,1000 sqft,Middle Floor,Partially Furnished,3,2
Kondominium Greenpark,"- Jalan Awan Pintal, Taman Yarl, Old Klang Road (Jalan Klang Lama), Kuala Lumpur",Condominium For Sale,"360,000",RM 289.86 psf,1242 sqft,n/a,Fully Furnished,3,2
Parkhill Residence Bukit Jalil,"Jalan Teknologi 1, Technology Park Malaysia, Bukit Jalil, Kuala Lumpur",Condominium For Sale,"580,000",RM 527.27 psf,1100 sqft,n/a,Fully Furnished,3,2
Setapak Next to MRT + Shopping Mall,"Setapak, Kuala Lumpur",Condominium For Sale,"380,000",RM 447.06 psf,850 sqft,n/a,n/a,3,2
Damelia Suites RM230K【1st Home get 100% Loan】 KLIA Sepang @ Horizon Suites,"Puchong, Kuala Lumpur",Condominium For Sale,"200,000",RM 400.00 psf,500 sqft,n/a,Fully Furnished,2,2
PSV 1 Residences @ Platinum South Valley,"Bandar Tasik Selatan, Kuala Lumpur",Apartment For Sale,"513,000",RM 542.28 psf,946 sqft,n/a,Unfurnished,3,2
5 Min to Mid Valley | Fully Furnished | RM3. 5k Salary to Own | Walking Distance to MRT/LRT/KTM,"Taman U-Thant, Ampang Hilir, Kuala Lumpur",Condominium For Sale,"419,999",RM 350.00 psf,1200 sqft,n/a,Fully Furnished,3,2
2 Bed 2 Bath Beside XIA MEN UNIVERSITY【RM200K! ! RM200K! ! RM200K! !】Freehold,"Jalan Stesen Sentral, KL Sentral, Kuala Lumpur",Condominium For Sale,"200,000",RM 400.00 psf,500 sqft,n/a,Fully Furnished,2,2
Danau Permai Condominiums,"- Jalan 3/109F, Taman Danau Desa, Taman Danau Desa, Taman Desa, Kuala Lumpur",Condominium For Sale,"585,000",RM 468.75 psf,1248 sqft,n/a,Partially Furnished,3,2
"Cheapest In KL【Air Bnb】5 min to Train Station, Ready Tenants, 100% Loan -KL","Ampang, Ampang Hilir, Kuala Lumpur",Condominium For Sale,"199,000",RM 398.00 psf,500 sqft,n/a,Fully Furnished,2,1
"New Freehold Invest GET 80k Subsidy, 1st Home Buyer 100% Loan GET RM10, 000 Cahback @KL","Bandar Menjalara, Kuala Lumpur",Condominium For Sale,"230,000",RM 460.00 psf,500 sqft,n/a,Fully Furnished,2,1
Wangsa Maju Freenhold Next to LRT 10 mins to KLCC Low Density,"Wangsa Maju, Kuala Lumpur",Condominium For Sale,"370,000",RM 424.31 psf,872 sqft,n/a,Partially Furnished,3,2
TRX Residence,"Jalan Tun Razak, KLCC, KL City, Kuala Lumpur",Condominium For Sale,"3,206,000","RM 2,383.64 psf",1345 sqft,n/a,Partially Furnished,3,2
【Expat Friendly】Spacious 4R3B + Next to MRT,"Dutamas, Mont Kiara, Kuala Lumpur",Condominium For Sale,"1,098,000",RM 757.76 psf,1449 sqft,n/a,Partially Furnished,4,3
Seni Mont Kiara,"- Changkat Duta Kiara, Mont Kiara, Kuala Lumpur",Condominium For Sale,"2,700,000",RM 929.43 psf,2905 sqft,Middle Floor,Partially Furnished,4,6
New Year Package! ! FREEHOLD 5 star condo 1900 Installment+ Fully Furnish & Lucky Draw,"Kampung Kerinchi (Bangsar South), Bangsar, Kuala Lumpur",Condominium For Sale,"468,888",RM 418.65 psf,1120 sqft,n/a,Fully Furnished,3,2
"Bangsar NEW { High Demand & Capital Gain } Condo, 100% Full Loan + Developer Wipe ALL Fees","Lucky Garden, Bangsar, Kuala Lumpur",Condominium For Sale,"472,222",RM 409.91 psf,1152 sqft,n/a,Fully Furnished,3,2
Only RM 4XXk ! ! [Super Below Market Price] FREEHOLD Walking Distance To MRT /KTM Mont Kiara,"Solaris Dutamas, Mont Kiara, Kuala Lumpur",Condominium For Sale,"428,689",RM 349.10 psf,1228 sqft,n/a,n/a,3,2
Only 430k ! ! [ Fully Furnished ] New Launch Rebate 0% Down Payment Free Lagal Fee Bangsar South,"Kerinchi, Bangsar South, Kuala Lumpur",Condominium For Sale,"429,886",RM 362.47 psf,1186 sqft,n/a,n/a,3,2
The Capers,"- Jalan Lima, Sentul, Kuala Lumpur",Condominium For Sale,"1,030,000",RM 692.20 psf,1488 sqft,n/a,Partially Furnished,3,4
The Capers,"- Jalan Lima, Sentul, Kuala Lumpur",Condominium For Sale,"1,070,000",RM 682.83 psf,1567 sqft,n/a,Fully Furnished,3,4
The Capers,"- Jalan Lima, Sentul, Kuala Lumpur",Condominium For Sale,"1,180,000",RM 575.89 psf,2049 sqft,n/a,Unfurnished,4,5
The Reach @ Titiwangsa,"Jalan Tembaga Off Jalan Pahang, Titiwangsa, Kuala Lumpur",Condominium For Sale,"1,300,000",RM 519.79 psf,2501 sqft,n/a,Unfurnished,4,4
"Lexa Residence @ The Quartz, Wangsa Maju","- , Jalan 34/26 Jalan 34/26, Wangsa Maju, Kuala Lumpur",Condominium For Sale,"470,000",RM 755.63 psf,622 sqft,n/a,Fully Furnished,2,2
"Rm1800 monthly, Free Rm50k Furnish, 3R2B near Midvalley, Freehold 2Cp","Kerinchi, Bangsar South, Kuala Lumpur",Condominium For Sale,"460,000",RM 383.33 psf,1200 sqft,Middle Floor,n/a,3,2
"Rm1800 monthly to own Bangsar South New Condo, Residential Freehold, 5 mins to midvalley","Kerinchi, Bangsar South, Kuala Lumpur",Condominium For Sale,"460,000",RM 383.33 psf,1200 sqft,n/a,Fully Furnished,3,2
"Rm1800 monthly to own Bangsar South New Condo, Residential Freehold, 5 mins to midvalley","Bukit Jalil, Kuala Lumpur",Condominium For Sale,"450,000",RM 375.00 psf,1200 sqft,n/a,n/a,3,2
GenKL,"Jalan Kuchai 3, Kuchai Lama, Kuala Lumpur",Condominium For Sale,"2,800,000",RM 879.40 psf,3184 sqft,n/a,Unfurnished,4,5
UNIO Residence,"Jalan Kepong, Jinjang, Kepong, Kuala Lumpur",Condominium For Sale,"560,000",RM 646.65 psf,866 sqft,n/a,Partially Furnished,2,2
The Z Residence,"Jalan 5/155, Taman Industri Bukit OUG, Bukit Jalil, Bukit Jalil, Kuala Lumpur",Condominium For Sale,"750,000",RM 535.71 psf,1400 sqft,Low Floor,Unfurnished,3,2
[[RM588K]] 3 Bedroom Duplex 1300sf with spacious balcony,"Sri petaling , bukit jalil , old klang road, Old Klang Road (Kuchai Lama), Kuchai Lama, Kuala Lumpur",Condominium For Sale,"588,000",RM 587.41 psf,1001 sqft,High Floor,Fully Furnished,3,3
1 Sentul,"Jalan Sentul Pasar, Kuala Lumpur, Sentul, Kuala Lumpur",Condominium For Sale,"480,000",RM 444.03 psf,1081 sqft,n/a,Fully Furnished,3,2
The Capers,"- Jalan Lima, Sentul, Kuala Lumpur",Condominium For Sale,"940,000",RM 599.87 psf,1567 sqft,n/a,Partially Furnished,3,3
The Address @ Taman Desa,"Jalan Desa Bakti, Old Klang Road (Taman Desa), Taman Desa, Kuala Lumpur",Condominium For Sale,"745,000",RM 666.37 psf,1118 sqft,Middle Floor,Unfurnished,3,3
kuchai lama,"jalan kuchai lama, Old Klang Road (Kuchai Lama), Kuchai Lama, Kuala Lumpur",Condominium For Sale,"300,000",RM 545.45 psf,550 sqft,High Floor,Partially Furnished,2,1
UNIO Residence,"Jalan Kepong, Jinjang, Kepong, Kuala Lumpur",Apartment For Sale,"915,000",RM 697.94 psf,1311 sqft,n/a,Partially Furnished,3,3
Seringin Residences,"8 Jalan Senang Ria, Happy Garden, Kuchai Lama, Kuala Lumpur",Condominium For Sale,"998,000",RM 655.72 psf,1522 sqft,n/a,n/a,2,2
TRX Residence,"Jalan Tun Razak, KLCC, KL City, Kuala Lumpur",Condominium For Sale,"1,355,000","RM 1,935.71 psf",700 sqft,n/a,Partially Furnished,1,1
TRX Residence,"Jalan Tun Razak, KLCC, KL City, Kuala Lumpur",Condominium For Sale,"2,698,000","RM 2,278.72 psf",1184 sqft,n/a,Partially Furnished,3,3
"500m to Mid Valley, direct access to NPE Federal Hwy OKR, 0 DP free furnished RM3. 5k Salary to Own","Mid Valley City, Kuala Lumpur",Condominium For Sale,"470,900",RM 361.95 psf,1301 sqft,n/a,Fully Furnished,3,2
"500m to Mid Valley, direct access to NPE Federal Hwy OKR, 0 DP free furnished RM3. 5k Salary to Own","Taman Bangsar, Bangsar, Kuala Lumpur",Condominium For Sale,"470,900",RM 361.95 psf,1301 sqft,n/a,Fully Furnished,3,2
Fully Furnished Freehold Mid Valley | Monthly ONLY RM2. 1K! Walking to MRT/LRT/KTM | Residential,"Kerinchi, Bangsar South, Kuala Lumpur",Condominium For Sale,"458,000",RM 379.14 psf,1208 sqft,n/a,Fully Furnished,3,2
5 Min to Mid Valley | Fully Furnished | RM3. 5k Salary to Own | Walking Distance to MRT/LRT/KTM,"Taman Bangsar, Bangsar, Kuala Lumpur",Condominium For Sale,"560,800",RM 455.19 psf,1232 sqft,n/a,Fully Furnished,3,2
Fully Furnished Freehold Mid Valley | Monthly ONLY RM2. 1K! Walking to MRT/LRT/KTM | Residential,"Old Klang Road (Jalan Klang Lama), Kuala Lumpur",Condominium For Sale,"458,000",RM 379.14 psf,1208 sqft,n/a,Fully Furnished,3,2
5 Min to Mid Valley | Fully Furnished | RM3. 5k Salary to Own | Walking Distance to MRT/LRT/KTM,"Kerinchi, Bangsar South, Kuala Lumpur",Condominium For Sale,"460,800",RM 374.03 psf,1232 sqft,n/a,Fully Furnished,3,2
5 Min to Pavilion 2 Mid Valley | Fully Furnished | RM3. 5k Salary to Own | Have Shuttle Bus,"Jalan Klang Lama (Old Klang Road), Bukit Jalil, Kuala Lumpur",Condominium For Sale,"460,800",RM 374.03 psf,1232 sqft,n/a,Fully Furnished,3,2
"Direct link to Mid Valley, new access to NPE Federal Hwy OKR, 0 DP free furnish RM3. 5k Salary to Own","Jalan Klang Lama (Old Klang Road), Bukit Jalil, Kuala Lumpur",Condominium For Sale,"470,900",RM 361.95 psf,1301 sqft,n/a,Fully Furnished,3,2
"500m to Mid Valley, direct access to NPE Federal Hwy OKR, 0 DP free furnished RM3. 5k Salary to Own","Kerinchi, Bangsar South, Kuala Lumpur",Condominium For Sale,"470,900",RM 361.95 psf,1301 sqft,n/a,Fully Furnished,3,2
5 Min to Mid Valley | Fully Furnished | RM1. 8k Monthly to Own | Walking Distance to MRT/LRT/KTM,"Kerinchi, Bangsar South, Kuala Lumpur",Condominium For Sale,"460,800",RM 374.03 psf,1232 sqft,n/a,Fully Furnished,3,2
TRX Residence,"Jalan Tun Razak, KLCC, KL City, Kuala Lumpur",Condominium For Sale,"1,290,000","RM 2,067.31 psf",624 sqft,n/a,Partially Furnished,1,1
Fully Furnished Freehold | Monthly ONLY RM1. 8K! Walk to MRT/LRT/KTM | Residential Below Market Price,"Jalan Kiara, Mont Kiara, Kuala Lumpur",Condominium For Sale,"458,000",RM 379.14 psf,1208 sqft,n/a,Fully Furnished,3,2
10 Min to PJ Mid Valley | Fully Furnished | RM3. 5k Salary to Own | Walking Distance to MRT/LRT/KTM,"Solaris Dutamas, Mont Kiara, Kuala Lumpur",Condominium For Sale,"460,800",RM 374.03 psf,1232 sqft,n/a,Fully Furnished,3,2
"Rica Residence Sentul, KL","1 Residensi Rica Sentul, Jalan Perhentian, Batu, Sentul, Kuala Lumpur",Condominium For Sale,"720,000",RM 655.74 psf,1098 sqft,Middle Floor,Fully Furnished,3,3
Aira Residence,"Jalan Batai, Damansara Heights, Kuala Lumpur",Condominium For Sale,"8,377,000","RM 1,866.12 psf",4489 sqft,n/a,Partially Furnished,5,6
"Fully Furnished Corner Duplex Unit, The Veo KL East","Setapak, Kuala Lumpur",Condominium For Sale,"2,700,000",RM 742.17 psf,3638 sqft,n/a,Fully Furnished,4,5
"SERI MAYA CONDOMINIUM, JALAN JELATEK, SETIAWANGSA (nearby LRT Setiawangsa walking distance)","Setiawangsa, Kuala Lumpur",Condominium For Sale,"620,000",RM 476.92 psf,1300 sqft,n/a,Partially Furnished,3,2
Sentul Freehold Free Furnished 5km KLCC,"Jalan Ipoh, Sentul, Kuala Lumpur",Condominium For Sale,"290,000",RM 330.30 psf,878 sqft,n/a,Partially Furnished,3,2
"Quinn Residence, Wangsa Maju","Jalan Wangsa Delima, Seksyen 5 Wangsa Maju, Wangsa Maju, Kuala Lumpur",Condominium For Sale,"385,000",RM 660.38 psf,583 sqft,n/a,Partially Furnished,1,1
The Andes,"Jalan Mas 2 Off Mutiara Bukit Jalil, Bukit Jalil, Kuala Lumpur",Condominium For Sale,"880,000",RM 628.57 psf,1400 sqft,n/a,Fully Furnished,3,2
Bangsar Puteri,"-  Jalan Medang Serai, Bukit Bandaraya, Bangsar, Kuala Lumpur",Condominium For Sale,"695,000",RM 651.97 psf,1066 sqft,n/a,Partially Furnished,1,2
The Address @ Taman Desa,"Jalan Desa Bakti, Old Klang Road (Taman Desa), Taman Desa, Kuala Lumpur",Condominium For Sale,"750,000",RM 670.84 psf,1118 sqft,Middle Floor,Unfurnished,3,3
"The Maple Residences, Taman OUG","Taman OUG, Kuchai Lama, Kuala Lumpur",Condominium For Sale,"629,000",RM 656.58 psf,958 sqft,Middle Floor,Partially Furnished,3,2
【1400sf x 4 ROOM】Bukit Jalil OUG FREEHOLD Sky Semi D Layout  - READY 2024 （NEW PHASE),"Technology Park Malaysia, Bukit Jalil, Kuala Lumpur",Condominium For Sale,"967,000",RM 701.74 psf,1378 sqft,Low Floor,Partially Furnished,4,3
One Jelatek,"Jalan Jelatek, Kementah, Setiawangsa, Kuala Lumpur",Condominium For Sale,"780,000",RM 506.82 psf,1539 sqft,n/a,Partially Furnished,3,3
WANGSA MAJU WANGSA MAJU WANGSA MAJU WANGSA MAJU,"Wangsa Maju, Kuala Lumpur",Condominium For Sale,"300,000",RM 300.00 psf,1000 sqft,n/a,Fully Furnished,3,2
The Legacy OUG,"Taman OUG, Kuchai Lama, Kuala Lumpur",Condominium For Sale,"1,057,800",RM 604.46 psf,1750 sqft,n/a,Unfurnished,5,4
Platinum Victory Lake City PV 13,"- Jalan Genting Klang, Setapak, Kuala Lumpur",Condominium For Sale,"530,000.00",RM 331.25 psf,1600 sqft,High Floor,Fully Furnished,4,2
Seri Maya Condominium,"Jalan Jelatek, Setiawangsa, Kuala Lumpur",Condominium For Sale,"600,000",RM 429.18 psf,1398 sqft,n/a,Partially Furnished,3,2
Seri Maya Condominium,"Jalan Jelatek, Setiawangsa, Kuala Lumpur",Condominium For Sale,"650,000",RM 363.94 psf,1786 sqft,n/a,Partially Furnished,4,4
Perdana Villa Deluxe (Pandan Perdana),"- Jalan Perdana 2/1, Pandan Perdana, Cheras, Kuala Lumpur",Apartment For Sale,"750,000",RM 326.09 psf,2300 sqft,n/a,Partially Furnished,3,3
Sun Complex,"- Jalan Bintang, Bukit Bintang, Bukit Bintang, KL City, Kuala Lumpur",Apartment For Sale,"470,000",RM 522.22 psf,900 sqft,Middle Floor,Unfurnished,4,3
Windsor Tower,"2  Jalan Sri Hartamas 17, Sri Hartamas, Kuala Lumpur",Condominium For Sale,"645,000",RM 524.39 psf,1230 sqft,High Floor,Partially Furnished,3,2
【FIRST HOME SPECIAL】 3R2B No Downpayment High Cash Back MRT KTM * Bangsar South *,"Bangsar South, Kuala Lumpur",Condominium For Sale,"453,800",RM 418.25 psf,1085 sqft,n/a,Partially Furnished,2,2
"Only 430k ! ! [ Below Market Price 30% ] Free Legal Fee Walking Distance To MRT , Freehold","KLCC, KL City, Kuala Lumpur",Condominium For Sale,"426,788",RM 411.16 psf,1038 sqft,n/a,n/a,3,2
Only 430k ! ! FREEHOLD [ 3Room 2Bath Free 2Carpark ] Free Legal Fee Extra Cash Back Kepong,"Kepong Baru, Kepong, Kuala Lumpur",Condominium For Sale,"428,789",RM 390.52 psf,1098 sqft,n/a,n/a,3,2
Only 430k ! ! [Below Market Price 30%] High Cash Back 0% Down Payment Free Legal Fee Mont Kiara,"Solaris Dutamas, Mont Kiara, Kuala Lumpur",Condominium For Sale,"428,588",RM 379.95 psf,1128 sqft,n/a,n/a,3,2
[[38% below market price]] 3 room Fully Furnished condo @ Sri Petaling,"sri petaling , taman oug , kuchai, Bandar Baru Sri Petaling, Sri Petaling, Kuala Lumpur",Condominium For Sale,"499,000",RM 509.70 psf,979 sqft,High Floor,Fully Furnished,3,2
[[ 970sf 3 room spacious condo with big balcony ]] RM430K @ Sri Petaling,"sri petaling , kuchai lama, sungai besi, Bandar Baru Sri Petaling, Sri Petaling, Kuala Lumpur",Condominium For Sale,"400,000",RM 412.37 psf,970 sqft,Middle Floor,Fully Furnished,3,2
Platinum Casa Danau Residences,"Lot 2, Galeri PV, No.2, Jalan 3/23a, Setapak, Kuala Lumpur",Condominium For Sale,"470,000",RM 391.67 psf,1200 sqft,n/a,Partially Furnished,3,2
Altris Residence,"Jln Wangsa Kuarza, Seksyen 10 Wangsa Maju, Wangsa Maju, Kuala Lumpur",Condominium For Sale,"680,000",RM 549.27 psf,1238 sqft,n/a,Partially Furnished,5,3
Jalan Ipoh Completed Freehold Studio,"Jalan Ipoh, KL City, Kuala Lumpur",Condominium For Sale,"540,000",RM 885.25 psf,610 sqft,n/a,n/a,1,1
"Quinn Residence, Wangsa Maju","Jalan Wangsa Delima, Seksyen 5 Wangsa Maju, Wangsa Maju, Kuala Lumpur",Condominium For Sale,"450,000",RM 692.31 psf,650 sqft,n/a,Partially Furnished,2,2
Suria Stonor,"Jalan Stonor, KLCC, KL City, Kuala Lumpur",Condominium For Sale,"2,800,000",RM 823.53 psf,3400 sqft,Middle Floor,Fully Furnished,5,6
Sri Jati I (OKR),"- Jalan Sri Jati 3, Taman Sri Jati, Old Klang Road (Jalan Klang Lama), Kuala Lumpur",Apartment For Sale,"330,000",RM 344.47 psf,958 sqft,High Floor,Unfurnished,3,2
Rumah Pangsa Awam Jalan Hang Tuah Blk B,"Jalan Hang Tuah, Pudu, Kuala Lumpur",Apartment For Sale,"108,000",RM 286.47 psf,377 sqft,Middle Floor,Unfurnished,1,1
Allevia Mont'Kiara,"Jln Kiara 4, Mont Kiara, Kuala Lumpur",Condominium For Sale,"1,543,800",RM 906.52 psf,1703 sqft,Middle Floor,Partially Furnished,3,3
[Ready Soon] Next Forest Reserve I Freehold I Low Density I Near MRT,"Taman Tun Dr Ismail, Kuala Lumpur",Condominium For Sale,"879,000",RM 582.12 psf,1510 sqft,n/a,Partially Furnished,3,3
Sky Suites @ KLCC,"18 Jalan P. Ramlee, KLCC, KL City, Kuala Lumpur",Apartment For Sale,"1,050,000","RM 1,183.77 psf",887 sqft,n/a,Fully Furnished,3,2
Pavilion Damansara Heights,"Jalan Damanlela, Damansara Heights, Kuala Lumpur",Condominium For Sale,"2,147,148","RM 2,173.23 psf",988 sqft,Low Floor,Partially Furnished,2,2
Pavilion Damansara Heights,"Jalan Damanlela, Damansara Heights, Kuala Lumpur",Condominium For Sale,"1,044,090","RM 1,700.47 psf",614 sqft,Middle Floor,Partially Furnished,1,1
TRX Residence,"Jalan Tun Razak, KLCC, KL City, Kuala Lumpur",Condominium For Sale,"2,493,000","RM 1,980.14 psf",1259 sqft,n/a,Partially Furnished,3,3
TRX Residence,"Jalan Tun Razak, KLCC, KL City, Kuala Lumpur",Condominium For Sale,"1,787,000","RM 2,102.35 psf",850 sqft,n/a,Partially Furnished,2,2
TRX Residence,"Jalan Tun Razak, KLCC, KL City, Kuala Lumpur",Condominium For Sale,"982,000","RM 2,071.73 psf",474 sqft,n/a,Partially Furnished,1,1
【5 Mins TO IMU BUKIT JALIL】Freehold Residential Condo Near Sri Petaling Pavilion OUG Kinrara Sunway,"Sri Petaling, Technology Park Malaysia, Bukit Jalil, Kuala Lumpur",Condominium For Sale,"558,000",RM 558.00 psf,1000 sqft,n/a,n/a,3,2
【RM199K Students Hostel】Xiamen University Cyberjaya - Cash Back RM20k! Ready Tenants,"Mid Valley City, Kuala Lumpur",Condominium For Sale,"189,000",RM 324.74 psf,582 sqft,n/a,Fully Furnished,2,2
Mercu Summer Suites @ Kuala Lumpur,"Mercu Summer Suites Jalan Cendana, Jalan Sultan Ismail, KL City, Kuala Lumpur",Apartment For Sale,"395,000",RM 801.22 psf,493 sqft,Low Floor,Fully Furnished,Studio,1
J. Satine,"PT5701 (Lot 27211), Jalan Kilang Tiga, Setapak, Kuala Lumpur",Apartment For Sale,"300,000",RM 375.00 psf,800 sqft,n/a,Unfurnished,3,2
KL Freehold LRT Low Dense Free Furnished,"Wangsa Maju, Kuala Lumpur",Condominium For Sale,"400,000",RM 455.58 psf,878 sqft,n/a,Partially Furnished,3,2
Inspirasi,"Jalan Kiara 3, Mont Kiara, Kuala Lumpur",Condominium For Sale,"770,000",RM 759.37 psf,1014 sqft,n/a,Partially Furnished,3,2
Fortune Avenue,"- Jalan Metro Perdana 5, Kepong, Kuala Lumpur",Condominium For Sale,"418,000",RM 388.48 psf,1076 sqft,Middle Floor,Partially Furnished,3,2
SETAPAK SETAPAK SETAPAK SETAPAK,"Setapak, Kuala Lumpur",Condominium For Sale,"300,000",RM 300.00 psf,1000 sqft,n/a,Fully Furnished,3,2
Pavilion Damansara Heights,"Jalan Damanlela, Damansara Heights, Kuala Lumpur",Condominium For Sale,"3,760,000","RM 1,632.65 psf",2303 sqft,Low Floor,Partially Furnished,5,3
Pavilion Damansara Heights,"Jalan Damanlela, Damansara Heights, Kuala Lumpur",Condominium For Sale,"4,450,000","RM 1,587.58 psf",2803 sqft,Low Floor,Partially Furnished,4,6
Pavilion Damansara Heights,"Jalan Damanlela, Damansara Heights, Kuala Lumpur",Condominium For Sale,"3,290,000","RM 1,797.81 psf",1830 sqft,High Floor,Partially Furnished,4,4
[Best Choice for FIRST HOME BUYER] [Full Loan] 10 min to KLCC || Near to TARUC || Next to MRT,"Setapak, Kuala Lumpur",Condominium For Sale,"300,000",RM 272.73 psf,1100 sqft,n/a,n/a,3,2
Riverville Residences,"Jalan Klang Lama Off Jalan Taman Sri Sentosa, Taman Sri Sentosa, Old Klang Road (Jalan Klang Lama), Kuala Lumpur",Condominium For Sale,"510,000",RM 364.29 psf,1400 sqft,Middle Floor,Partially Furnished,3,2
KL Wangsa Maju @ Next to LRT || RM 1300 / Month || 4R2B || 10min to KLCC,"Seksyen 10 Wangsa Maju, Wangsa Maju, Kuala Lumpur",Condominium For Sale,"300,000",RM 250.00 psf,1200 sqft,n/a,Fully Furnished,4,2
The Link 2 Residences,"Bukit Jalil Highway Off Jalan Jalil Perkasa 1, Bukit Jalil, Kuala Lumpur",Condominium For Sale,"810,000",RM 666.12 psf,1216 sqft,n/a,Partially Furnished,3,2
KL Wangsa Maju @ Next to MRT || RM 1300 / Month || 4R2B || 10min to KLCC,"Wangsa Maju, Kuala Lumpur",Condominium For Sale,"300,000",RM 250.00 psf,1200 sqft,n/a,n/a,4,2
5Min Bukit Jalil Landed Concept 20ft Ceiling Height Big Layout High Cash Back,"Bukit Jalil, Kuala Lumpur",Condominium For Sale,"490,088",RM 358.51 psf,1367 sqft,n/a,Partially Furnished,3,3
Last Freehold Residential Bukit Jalil Dual keys concept Free Brand Furnish,"Bukit Jalil, Kuala Lumpur",Condominium For Sale,"650,000",RM 471.70 psf,1378 sqft,n/a,Partially Furnished,3,3
CHEAPEST! !! RM425k KL CHERAS [WALK TO MRT + FULL LOAN + 3R2B] Near Ekocheras HUKM Permaisuri,"Taman Midah, Taman Segar, Cheras, Kuala Lumpur",Condominium For Sale,"425,000",RM 425.00 psf,1000 sqft,n/a,Partially Furnished,4,2
"ARIA Luxury Residence, KLCC","- Jalan Tun Razak, Kuala Lumpur Kuala Lumpur, KLCC, KL City, Kuala Lumpur",Condominium For Sale,"2,175,666","RM 1,448.51 psf",1502 sqft,Middle Floor,Fully Furnished,3,2
The Hipster @ Taman Desa,"Jalan Desa, Taman Bukit Desa, Taman Desa, Kuala Lumpur",Condominium For Sale,"490,000",RM 532.03 psf,921 sqft,n/a,Unfurnished,3,2
Mirage Residence Luxury Condominium,"Jalan Yap Kwan Seng, KL City, Kuala Lumpur",Condominium For Sale,"1,637,581","RM 1,282.37 psf",1277 sqft,n/a,Fully Furnished,2,2
One KL,"6 Jalan Pinang, KLCC, KL City, Kuala Lumpur",Condominium For Sale,"3,500,000",RM 944.41 psf,3706 sqft,High Floor,Partially Furnished,4,5
Suasana Bangsar,"Jalan Kaloi Off Jalan Kurau, Bangsar, Kuala Lumpur",Condominium For Sale,"1,500,000",RM 698.65 psf,2147 sqft,n/a,Fully Furnished,4,5
[ CNY Sales ] + 0% Downpayment + MRT + Freehold + High Rental,"The Food Merchant, Solaris Dutamas, Mont Kiara, Kuala Lumpur",Apartment For Sale,"590,000",RM 449.35 psf,1313 sqft,n/a,n/a,3,2
Verve Suites @ KL South,"Jalan Klang Lama, Old Klang Road (Jalan Klang Lama), Kuala Lumpur",Condominium For Sale,"650,000",RM 918.08 psf,708 sqft,n/a,Fully Furnished,2,2
Cloud Tree @ Cheras,"Jalan Juara, Cheras, Kuala Lumpur",Condominium For Sale,"658,000",RM 518.52 psf,1269 sqft,High Floor,Partially Furnished,3,2
Cloud Tree @ Cheras,"Jalan Juara, Cheras, Kuala Lumpur",Condominium For Sale,"480,000",RM 537.51 psf,893 sqft,High Floor,Unfurnished,3,2
Endah Puri,"- Jalan 1/149e, Taman Endah, Sri Petaling, Kuala Lumpur",Flat For Sale,"380,000",RM 307.19 psf,1237 sqft,n/a,Unfurnished,3,2
[Freehold Fully Furnished + 0%D/P] KL Condo 1290sqft 300m LRT / MRT@ Desa Park City,"ParkCity Heights, Desa ParkCity, Kuala Lumpur",Condominium For Sale,"419,000",RM 324.81 psf,1290 sqft,n/a,Fully Furnished,3,2
Robson Condominium,"- Persiaran Syed Putra 2, Seputeh, Kuala Lumpur",Condominium For Sale,"680,000",RM 517.90 psf,1313 sqft,n/a,Partially Furnished,3,2
Pavilion Damansara Heights,"Jalan Damanlela, Damansara Heights, Kuala Lumpur",Condominium For Sale,"1,448,888","RM 1,466.49 psf",988 sqft,n/a,Partially Furnished,2,2
Park Place @ Parckcity Towncenter,"Persiaran Residen, Desa ParkCity, Kuala Lumpur",Condominium For Sale,"1,476,000","RM 1,079.74 psf",1367 sqft,Middle Floor,Partially Furnished,3,2
Setapak Setapak Setapak Setapak Setapak Setapak Setapak Setapak,"Setapak, Kuala Lumpur",Condominium For Sale,"450,000",RM 346.15 psf,1300 sqft,n/a,n/a,4,3
Bangsar South Luxury Condo,"Pantai Sentral Park, Bangsar South, Kuala Lumpur",Condominium For Sale,"480,000",RM 436.36 psf,1100 sqft,n/a,Partially Furnished,3,2
Vantage Point,"- Jalan 4/125, Desa Petaling, Salak Selatan, Kuala Lumpur",Condominium For Sale,"320,000",RM 361.17 psf,886 sqft,Low Floor,Unfurnished,3,2
Fully Furnished [ Only 430k ! ! ] Below Market Price 30% Cash Back Free Legal Fee Mid Valley,"Mid Valley City, Kuala Lumpur",Condominium For Sale,"429,887",RM 402.52 psf,1068 sqft,n/a,n/a,3,2
kepong baru new condo,"kepong, Kepong Baru, Kepong, Kuala Lumpur",Condominium For Sale,"318,000",RM 454.29 psf,700 sqft,n/a,Partially Furnished,3,2
Cheras Cheras Cheras Cheras Cheras Cheras Cheras Cheras Cheras Cheras Cheras Cheras Cheras Cheras,"Cheras, Kuala Lumpur",Condominium For Sale,"400,000",RM 400.00 psf,1000 sqft,n/a,Fully Furnished,3,2
HOT INVEST @ Beside Mall & University | Monthly RM 950 Rental RM 1800 Cash Rebate 120k,"Jalan Sultan Ismail, KL City, Kuala Lumpur",Condominium For Sale,"200,000",RM 400.00 psf,500 sqft,n/a,Partially Furnished,2,1
UNIO Residence,"Jalan Kepong, Jinjang, Kepong, Kuala Lumpur",Condominium For Sale,"735,000",RM 616.61 psf,1192 sqft,n/a,Partially Furnished,4,3
Platinum Splendor Residensi Semarak,"Jalan Semarak, Kampung Padang Tembak, Bukit Keramat, Keramat, Kuala Lumpur",Condominium For Sale,"540,000",RM 507.04 psf,1065 sqft,n/a,Partially Furnished,3,2
New Klang Lama Project 【Below Market 20%】Developer Clearance Limited Units,"Old Klang Road (Jalan Klang Lama), Kuala Lumpur",Condominium For Sale,"689,000",RM 574.17 psf,1200 sqft,n/a,n/a,4,2
"Plaza Medan Putra, Kepong","Kepong, Kuala Lumpur",Condominium For Sale,"293,000",RM 325.56 psf,900 sqft,n/a,Unfurnished,3,2
288 Residences @ Kuchai Lama,"Jalan 1/127a Off Jalan Gembira, Kuchai Lama, Kuala Lumpur",Condominium For Sale,"615,000",RM 427.08 psf,1440 sqft,High Floor,Partially Furnished,4,4
Le Yuan Residence,"Jalan 6/127a Off Jalan Senang Ria, Happy Garden, Kuchai Lama, Kuala Lumpur",Condominium For Sale,"688,000",RM 589.04 psf,1168 sqft,Middle Floor,Partially Furnished,2,2
"Wangsa Maju Cheapest Condo, 5 Mins to LRT & Mall, Actual price","Taman Setapak, Setapak, Kuala Lumpur",Condominium For Sale,"300,000",RM 375.00 psf,800 sqft,Middle Floor,Partially Furnished,3,2
Palace Court,"10 Jalan 3/115c Off Jalan Kuchai Lama, Taman Kuchai J, Kuchai Lama, Kuala Lumpur",Condominium For Sale,396.00,RM 0.30 psf,1313 sqft,n/a,Partially Furnished,3,2
Arte @ Kuchai Lama,"Jalan 1/116c Off Jalan Kuchai Maju, Kuchai Entrepreneurs Park, Kuchai Lama, Kuala Lumpur",Condominium For Sale,"648,000",RM 432.00 psf,1500 sqft,Middle Floor,Partially Furnished,4,3
Vista Damai,"Jalan Aman Off Jalan Tun Razak / Jalan Damai, KLCC, KL City, Kuala Lumpur",Condominium For Sale,"1,100,000",RM 769.77 psf,1429 sqft,Middle Floor,Partially Furnished,3,3
EdgeWood Residences @ SkySanctuary,"Kampung Baru Air Panas, Setapak, Kuala Lumpur",Condominium For Sale,"447,000",RM 490.67 psf,911 sqft,n/a,Unfurnished,3,2
Star Residences @ KLCC,"Jalan Yap Kwan Seng, Off Jalan Ampang, KLCC, KL City, Kuala Lumpur",Condominium For Sale,"1,482,220","RM 2,117.46 psf",700 sqft,High Floor,Partially Furnished,1,1
Pangsapuri Mawar (Sentul),"- Jalan 7/48A, Bandar Baru Sentul, Sentul, Kuala Lumpur",Apartment For Sale,"350,000",RM 333.33 psf,1050 sqft,Low Floor,Unfurnished,3,2
Seasons Garden Residences @ Wangsa Maju,"Jalan 26/26, Taman Setapak Jaya, Seksyen 10 Wangsa Maju, Wangsa Maju, Kuala Lumpur",Condominium For Sale,"475,000",RM 616.88 psf,770 sqft,High Floor,Partially Furnished,3,2
Mandy Villa,"3703 G Jalan Segambut, Segambut, Kuala Lumpur",Apartment For Sale,"385,000",RM 320.83 psf,1200 sqft,High Floor,Fully Furnished,3,2
TRX Residence,"Jalan Tun Razak, KLCC, KL City, Kuala Lumpur",Condominium For Sale,"2,680,000","RM 2,263.51 psf",1184 sqft,n/a,Partially Furnished,3,3
TRX Residence,"Jalan Tun Razak, KLCC, KL City, Kuala Lumpur",Condominium For Sale,"1,680,000","RM 1,976.47 psf",850 sqft,Low Floor,Partially Furnished,2,2
Trinity Pentamont,"Jalan Kiara 5, Mont Kiara, Mont Kiara, Kuala Lumpur",Condominium For Sale,"1,200,000",RM 870.20 psf,1379 sqft,n/a,Partially Furnished,3,3
Kuala Lumpur Kuala Lumpur Kuala Lumpur,"KL City, Kuala Lumpur",Condominium For Sale,"300,000",RM 300.00 psf,1000 sqft,n/a,Fully Furnished,3,2
"Teratai Mewah (Block 15, 17, 19, 21)","Jalan Langkawi, Taman Setapak, Setapak, Kuala Lumpur",Apartment For Sale,"200,000",RM 304.41 psf,657 sqft,n/a,n/a,3,1
Prima Setapak II,"- Jalan Gombak Sejahtera, Setapak, Setapak, Kuala Lumpur",Condominium For Sale,"430,000",RM 344.55 psf,1248 sqft,n/a,n/a,3,2
Platinum Hill PV 2,"No. 2 Jalan Taman Melati 1, Taman Melati Utama, Setapak, Kuala Lumpur",Condominium For Sale,"520,000",RM 396.04 psf,1313 sqft,n/a,n/a,4,2
"Wangsa 9 Residency, Wangsa Maju","- Jalan Wangsa Perdana 1, Wangsa Maju Wangsa Maju, Wangsa Maju, Kuala Lumpur",Condominium For Sale,"6,000,000","RM 1,154.07 psf",5199 sqft,n/a,n/a,6,8
Seni Mont Kiara,"- Changkat Duta Kiara, Mont Kiara, Kuala Lumpur",Condominium For Sale,"3,100,000",RM 875.46 psf,3541 sqft,n/a,n/a,4,6
Datum Jelatek Jalan Ampang,"Jalan Ampang, KL City, Kuala Lumpur",Condominium For Sale,"650,000",RM 812.50 psf,800 sqft,n/a,Partially Furnished,1,1
2R2B2Carpark monthly installment RM1500 Rental Income Monthly  RM2800,"Kenny Hills (Bukit Tunku), Bukit Tunku, Kuala Lumpur",Condominium For Sale,"489,000",RM 514.74 psf,950 sqft,n/a,Partially Furnished,2,2
BUKIT JALIL PAVILION 5 Mins Away Freehold Luxury Condo 3Rooms 3Baths 1200SQ. FT. [ Free MOT ],"Desa ParkCity, Kuala Lumpur",Condominium For Sale,"480,000",RM 400.00 psf,1200 sqft,n/a,Fully Furnished,3,3
2022 New OKR Residence 【Prime Location With Private & Safety HOME ! 】3-4 Room + Extra 3 Carpark,"Old Klang Road (Jalan Klang Lama), Kuala Lumpur",Condominium For Sale,"625,000",RM 520.83 psf,1200 sqft,n/a,Partially Furnished,4,3
Datum Jelatek Jalan Ampang,"KLCC, KL City, Kuala Lumpur",Condominium For Sale,"970,000",RM 746.15 psf,1300 sqft,n/a,Partially Furnished,2,2
Pinnacle,"1 Jalan Radin Anum 1, Sri Petaling, Kuala Lumpur",Condominium For Sale,"590,000",RM 667.42 psf,884 sqft,n/a,Partially Furnished,3,3
Lido Residency,"Jalan Yaacob Latif Off Jalan Cheras, Cheras, Kuala Lumpur",Condominium For Sale,"520,000",RM 539.98 psf,963 sqft,Middle Floor,Partially Furnished,2,2
"Completed 2023 Q1, Freehold 1, 200sf 3Room2Bath, Dual Balcony","Taman Segar, Cheras, Kuala Lumpur",Condominium For Sale,"455,999",RM 380.00 psf,1200 sqft,n/a,Partially Furnished,3,2
TRX Residence,"Jalan Tun Razak, KLCC, KL City, Kuala Lumpur",Condominium For Sale,"1,290,000","RM 2,067.31 psf",624 sqft,n/a,Partially Furnished,1,1
[FOREIGNER WELCOME] Damansara Freehold I Ready Soon I Free 70% Furnished,"Taman Tun Dr Ismail, Kuala Lumpur",Condominium For Sale,"970,000",RM 664.38 psf,1460 sqft,n/a,Partially Furnished,3,2
TRX Residence,"Jalan Tun Razak, KLCC, KL City, Kuala Lumpur",Condominium For Sale,"2,698,000","RM 2,278.72 psf",1184 sqft,n/a,Partially Furnished,3,3
TRX Residence,"Jalan Tun Razak, KLCC, KL City, Kuala Lumpur",Condominium For Sale,"1,355,000","RM 1,935.71 psf",700 sqft,n/a,Partially Furnished,1,1
Pavilion Hilltop @ Mont Kiara,"Lot 67209 Jalan Cangkat Duta Kiara Off Jalan Duta Kiara, Puncak Kiara, Mont Kiara, Kuala Lumpur",Condominium For Sale,"1,450,000","RM 1,208.33 psf",1200 sqft,n/a,n/a,3,2
RM370k [ 900sqft 2Car Park ] 【Low Density】10 Units per Floor [ Free 99k Furniture ] @ Cheras,"Taman Maluri, Cheras, Kuala Lumpur",Condominium For Sale,"370,000.00",RM 411.11 psf,900 sqft,n/a,Fully Furnished,2,2
[Freehold 1350sf]Completed condo latest new package free furnished free all legal fee,"Kepong, Kuala Lumpur",Condominium For Sale,"428,800",RM 317.63 psf,1350 sqft,n/a,Partially Furnished,3,2
Residensi 22 @ Mont Kiara,"Residensi 22 Jalan Kiara 3, Mont Kiara, Kuala Lumpur",Condominium For Sale,"1,900,000","RM 1,011.71 psf",1878 sqft,High Floor,Fully Furnished,3,4
Sunway Velocity KL Maluri Duplex Condo,"Taman Maluri Cheras, Cheras, Kuala Lumpur",Condominium For Sale,"435,000",RM 414.29 psf,1050 sqft,n/a,Fully Furnished,3,2
Seasons Garden Residences @ Wangsa Maju,"Jalan 26/26, Taman Setapak Jaya, Seksyen 10 Wangsa Maju, Wangsa Maju, Kuala Lumpur",Condominium For Sale,"495,000",RM 582.35 psf,850 sqft,Middle Floor,Unfurnished,4,2
TWY Duplex Condos @ Mont Kiara,"Jalan Duta Kiara, Mont Kiara, Mont Kiara, Kuala Lumpur",Condominium For Sale,"760,000",RM 925.70 psf,821 sqft,n/a,Fully Furnished,2,1
The Legacy OUG,"Taman OUG, Kuchai Lama, Kuala Lumpur",Condominium For Sale,"748,800",RM 713.14 psf,1050 sqft,n/a,Partially Furnished,3,2
Platinum Hill PV 5,"2  Jalan Melati Utama 3, Taman Melati Utama, Setapak, Kuala Lumpur",Condominium For Sale,"400,000",RM 314.47 psf,1272 sqft,Middle Floor,Unfurnished,4,2
Hampton Damansara,"Hampton Damansara Persiaran Tecoma Off LDP Highway, Country Heights Damansara, Kuala Lumpur",Condominium For Sale,"980,000",RM 687.24 psf,1426 sqft,n/a,Unfurnished,3,2
